{"KD_CLEAR":{"(Timestamp('2021-07-22 07:05:00'), 0.5)":null,"(Timestamp('2021-07-22 07:06:00'), 0.5)":null,"(Timestamp('2021-07-22 07:07:00'), 0.5)":null,"(Timestamp('2021-07-22 07:08:00'), 0.5)":null,"(Timestamp('2021-07-22 07:09:00'), 0.5)":null,"(Timestamp('2021-07-22 07:10:00'), 0.5)":null,"(Timestamp('2021-07-22 07:11:00'), 0.5)":null,"(Timestamp('2021-07-22 07:12:00'), 0.5)":null,"(Timestamp('2021-07-22 07:13:00'), 0.5)":null,"(Timestamp('2021-07-22 07:14:00'), 0.5)":null,"(Timestamp('2021-07-22 07:15:00'), 0.5)":null,"(Timestamp('2021-07-22 07:16:00'), 0.5)":null,"(Timestamp('2021-07-22 07:17:00'), 0.5)":null,"(Timestamp('2021-07-22 07:18:00'), 0.5)":null,"(Timestamp('2021-07-22 07:19:00'), 0.5)":null,"(Timestamp('2021-07-22 07:20:00'), 0.5)":null,"(Timestamp('2021-07-22 07:21:00'), 0.5)":null,"(Timestamp('2021-07-22 07:22:00'), 0.5)":null,"(Timestamp('2021-07-22 07:23:00'), 0.5)":null,"(Timestamp('2021-07-22 07:24:00'), 0.5)":null,"(Timestamp('2021-07-22 07:25:00'), 0.5)":null,"(Timestamp('2021-07-22 07:05:00'), 1.0)":null,"(Timestamp('2021-07-22 07:06:00'), 1.0)":null,"(Timestamp('2021-07-22 07:07:00'), 1.0)":null,"(Timestamp('2021-07-22 07:08:00'), 1.0)":null,"(Timestamp('2021-07-22 07:09:00'), 1.0)":null,"(Timestamp('2021-07-22 07:10:00'), 1.0)":null,"(Timestamp('2021-07-22 07:11:00'), 1.0)":null,"(Timestamp('2021-07-22 07:12:00'), 1.0)":null,"(Timestamp('2021-07-22 07:13:00'), 1.0)":null,"(Timestamp('2021-07-22 07:14:00'), 1.0)":null,"(Timestamp('2021-07-22 07:15:00'), 1.0)":null,"(Timestamp('2021-07-22 07:16:00'), 1.0)":null,"(Timestamp('2021-07-22 07:17:00'), 1.0)":null,"(Timestamp('2021-07-22 07:18:00'), 1.0)":null,"(Timestamp('2021-07-22 07:19:00'), 1.0)":null,"(Timestamp('2021-07-22 07:20:00'), 1.0)":null,"(Timestamp('2021-07-22 07:21:00'), 1.0)":null,"(Timestamp('2021-07-22 07:22:00'), 1.0)":null,"(Timestamp('2021-07-22 07:23:00'), 1.0)":null,"(Timestamp('2021-07-22 07:24:00'), 1.0)":null,"(Timestamp('2021-07-22 07:25:00'), 1.0)":null,"(Timestamp('2021-07-22 07:05:00'), 2.0)":null,"(Timestamp('2021-07-22 07:06:00'), 2.0)":null,"(Timestamp('2021-07-22 07:07:00'), 2.0)":null,"(Timestamp('2021-07-22 07:08:00'), 2.0)":null,"(Timestamp('2021-07-22 07:09:00'), 2.0)":null,"(Timestamp('2021-07-22 07:10:00'), 2.0)":null,"(Timestamp('2021-07-22 07:11:00'), 2.0)":null,"(Timestamp('2021-07-22 07:12:00'), 2.0)":null,"(Timestamp('2021-07-22 07:13:00'), 2.0)":null,"(Timestamp('2021-07-22 07:14:00'), 2.0)":null,"(Timestamp('2021-07-22 07:15:00'), 2.0)":null,"(Timestamp('2021-07-22 07:16:00'), 2.0)":null,"(Timestamp('2021-07-22 07:17:00'), 2.0)":null,"(Timestamp('2021-07-22 07:18:00'), 2.0)":null,"(Timestamp('2021-07-22 07:19:00'), 2.0)":null,"(Timestamp('2021-07-22 07:20:00'), 2.0)":null,"(Timestamp('2021-07-22 07:21:00'), 2.0)":null,"(Timestamp('2021-07-22 07:22:00'), 2.0)":null,"(Timestamp('2021-07-22 07:23:00'), 2.0)":null,"(Timestamp('2021-07-22 07:24:00'), 2.0)":null,"(Timestamp('2021-07-22 07:25:00'), 2.0)":null},"R2_CLEAR":{"(Timestamp('2021-07-22 07:05:00'), 0.5)":null,"(Timestamp('2021-07-22 07:06:00'), 0.5)":null,"(Timestamp('2021-07-22 07:07:00'), 0.5)":null,"(Timestamp('2021-07-22 07:08:00'), 0.5)":null,"(Timestamp('2021-07-22 07:09:00'), 0.5)":null,"(Timestamp('2021-07-22 07:10:00'), 0.5)":null,"(Timestamp('2021-07-22 07:11:00'), 0.5)":null,"(Timestamp('2021-07-22 07:12:00'), 0.5)":null,"(Timestamp('2021-07-22 07:13:00'), 0.5)":null,"(Timestamp('2021-07-22 07:14:00'), 0.5)":null,"(Timestamp('2021-07-22 07:15:00'), 0.5)":null,"(Timestamp('2021-07-22 07:16:00'), 0.5)":null,"(Timestamp('2021-07-22 07:17:00'), 0.5)":null,"(Timestamp('2021-07-22 07:18:00'), 0.5)":null,"(Timestamp('2021-07-22 07:19:00'), 0.5)":null,"(Timestamp('2021-07-22 07:20:00'), 0.5)":null,"(Timestamp('2021-07-22 07:21:00'), 0.5)":null,"(Timestamp('2021-07-22 07:22:00'), 0.5)":null,"(Timestamp('2021-07-22 07:23:00'), 0.5)":null,"(Timestamp('2021-07-22 07:24:00'), 0.5)":null,"(Timestamp('2021-07-22 07:25:00'), 0.5)":null,"(Timestamp('2021-07-22 07:05:00'), 1.0)":null,"(Timestamp('2021-07-22 07:06:00'), 1.0)":null,"(Timestamp('2021-07-22 07:07:00'), 1.0)":null,"(Timestamp('2021-07-22 07:08:00'), 1.0)":null,"(Timestamp('2021-07-22 07:09:00'), 1.0)":null,"(Timestamp('2021-07-22 07:10:00'), 1.0)":null,"(Timestamp('2021-07-22 07:11:00'), 1.0)":null,"(Timestamp('2021-07-22 07:12:00'), 1.0)":null,"(Timestamp('2021-07-22 07:13:00'), 1.0)":null,"(Timestamp('2021-07-22 07:14:00'), 1.0)":null,"(Timestamp('2021-07-22 07:15:00'), 1.0)":null,"(Timestamp('2021-07-22 07:16:00'), 1.0)":null,"(Timestamp('2021-07-22 07:17:00'), 1.0)":null,"(Timestamp('2021-07-22 07:18:00'), 1.0)":null,"(Timestamp('2021-07-22 07:19:00'), 1.0)":null,"(Timestamp('2021-07-22 07:20:00'), 1.0)":null,"(Timestamp('2021-07-22 07:21:00'), 1.0)":null,"(Timestamp('2021-07-22 07:22:00'), 1.0)":null,"(Timestamp('2021-07-22 07:23:00'), 1.0)":null,"(Timestamp('2021-07-22 07:24:00'), 1.0)":null,"(Timestamp('2021-07-22 07:25:00'), 1.0)":null,"(Timestamp('2021-07-22 07:05:00'), 2.0)":null,"(Timestamp('2021-07-22 07:06:00'), 2.0)":null,"(Timestamp('2021-07-22 07:07:00'), 2.0)":null,"(Timestamp('2021-07-22 07:08:00'), 2.0)":null,"(Timestamp('2021-07-22 07:09:00'), 2.0)":null,"(Timestamp('2021-07-22 07:10:00'), 2.0)":null,"(Timestamp('2021-07-22 07:11:00'), 2.0)":null,"(Timestamp('2021-07-22 07:12:00'), 2.0)":null,"(Timestamp('2021-07-22 07:13:00'), 2.0)":null,"(Timestamp('2021-07-22 07:14:00'), 2.0)":null,"(Timestamp('2021-07-22 07:15:00'), 2.0)":null,"(Timestamp('2021-07-22 07:16:00'), 2.0)":null,"(Timestamp('2021-07-22 07:17:00'), 2.0)":null,"(Timestamp('2021-07-22 07:18:00'), 2.0)":null,"(Timestamp('2021-07-22 07:19:00'), 2.0)":null,"(Timestamp('2021-07-22 07:20:00'), 2.0)":null,"(Timestamp('2021-07-22 07:21:00'), 2.0)":null,"(Timestamp('2021-07-22 07:22:00'), 2.0)":null,"(Timestamp('2021-07-22 07:23:00'), 2.0)":null,"(Timestamp('2021-07-22 07:24:00'), 2.0)":null,"(Timestamp('2021-07-22 07:25:00'), 2.0)":null}}